Configuration, Epochs, Learning Rate, Regularization, Momentum, Loss (MSE), Evaluation (MEE)
0, 300, 0.08, 8e-05, 0.8, 446983.64012424153, 609.0873104530589
1, 300, 0.08, 8e-05, 0.5, 373251.4759416726, 146.96690122191924
2, 300, 0.08, 8e-05, 0.3, 19813.286328920618, 6.644927833464388
3, 300, 0.08, 8e-05, 0.1, 23.47539386006643, 3.8917861569750025
4, 300, 0.08, 8e-05, 0.08, 28.005944275443653, 4.286348963078056
5, 300, 0.08, 8e-05, 0.05, 26.900601926763283, 4.11565290356536
6, 300, 0.08, 8e-05, 0.03, 31.23006166154658, 4.527484725551467
7, 300, 0.08, 8e-05, 0.01, 34.884030280780095, 4.661502087021024
8, 300, 0.08, 5e-05, 0.8, 447323.0355282465, 651.9898856703273
9, 300, 0.08, 5e-05, 0.5, 383029.04964124423, 171.92710874737563
10, 300, 0.08, 5e-05, 0.3, 24699.12536879304, 5.535240977456459
11, 300, 0.08, 5e-05, 0.1, 30.311539591551217, 4.383314514263549
12, 300, 0.08, 5e-05, 0.08, 28.58052018539418, 4.165699722436648
13, 300, 0.08, 5e-05, 0.05, 33.99282722530956, 4.730763058465844
14, 300, 0.08, 5e-05, 0.03, 37.821700177616634, 4.757165774324547
15, 300, 0.08, 5e-05, 0.01, 36.32060890228688, 4.871613322834945
16, 300, 0.08, 3e-05, 0.8, 457184.1894724181, 586.7091958543726
17, 300, 0.08, 3e-05, 0.5, 392304.07115680614, 135.03746995240016
18, 300, 0.08, 3e-05, 0.3, 53.595749405741074, 4.605384814636357
19, 300, 0.08, 3e-05, 0.1, 27.83398291760502, 4.106685010873998
20, 300, 0.08, 3e-05, 0.08, 30.150062118436672, 4.345511568172302
21, 300, 0.08, 3e-05, 0.05, 26.681994962536947, 4.113205050081033
22, 300, 0.08, 3e-05, 0.03, 31.813920036452146, 4.510425445036037
23, 300, 0.08, 3e-05, 0.01, 37.71077506869719, 5.037456000953242
24, 300, 0.08, 1e-05, 0.8, 438236.27318637155, 611.5573601365958
25, 300, 0.08, 1e-05, 0.5, 425825.9948295828, 149.02975267571273
26, 300, 0.08, 1e-05, 0.3, 22073.505293386257, 5.904945821680207
27, 300, 0.08, 1e-05, 0.1, 33.63127480358526, 4.502893229580079
28, 300, 0.08, 1e-05, 0.08, 27.61337061269645, 3.9217145793499526
29, 300, 0.08, 1e-05, 0.05, 30.883106219193074, 4.4672162914326865
30, 300, 0.08, 1e-05, 0.03, 35.562627855104495, 4.951403233488649
31, 300, 0.08, 1e-05, 0.01, 31.84197778735928, 4.562916341288441
32, 300, 0.05, 8e-05, 0.8, 382061.7519099093, 636.2358298673862
33, 300, 0.05, 8e-05, 0.5, 84.57206712383332, 6.653454116016479
34, 300, 0.05, 8e-05, 0.3, 22.206779960837487, 2.5306399934389803
35, 300, 0.05, 8e-05, 0.1, 15.473250430382938, 2.433682726189961
36, 300, 0.05, 8e-05, 0.08, 15.779676750298842, 2.6523922046503143
37, 300, 0.05, 8e-05, 0.05, 13.948894292842912, 2.673775506334693
38, 300, 0.05, 8e-05, 0.03, 17.058346778497793, 2.782056306162379
39, 300, 0.05, 8e-05, 0.01, 22.741436246125566, 3.088021626631014
40, 300, 0.05, 5e-05, 0.8, 440767.43420468346, 633.4570546206343
41, 300, 0.05, 5e-05, 0.5, 24338.746070552123, 9.703420384457393
42, 300, 0.05, 5e-05, 0.3, 21.63019356927177, 2.5681551925780504
43, 300, 0.05, 5e-05, 0.1, 14.402227436996037, 2.418906238714061
44, 300, 0.05, 5e-05, 0.08, 16.38989154114349, 2.701243519856621
45, 300, 0.05, 5e-05, 0.05, 14.675472827200991, 2.5805834633784093
46, 300, 0.05, 5e-05, 0.03, 11.462286507301892, 2.4821654133226807
47, 300, 0.05, 5e-05, 0.01, 16.122643035863568, 2.8128294985943354
48, 300, 0.05, 3e-05, 0.8, 344381.59672601323, 612.0947677494412
49, 300, 0.05, 3e-05, 0.5, 65377.11545297309, 17.77128961040706
50, 300, 0.05, 3e-05, 0.3, 16.980067835337728, 2.4100758379199583
51, 300, 0.05, 3e-05, 0.1, 16.05053102201387, 2.5435636074151593
52, 300, 0.05, 3e-05, 0.08, 9.430674934825024, 2.26231840877316
53, 300, 0.05, 3e-05, 0.05, 13.361514193016072, 2.4824482366405514
54, 300, 0.05, 3e-05, 0.03, 13.251416602140457, 2.5017429819399535
55, 300, 0.05, 3e-05, 0.01, 18.555210142983793, 2.884894229238225
56, 300, 0.05, 1e-05, 0.8, 362375.7521379792, 628.9964780394915
57, 300, 0.05, 1e-05, 0.5, 21143.834913913128, 8.987871326054849
58, 300, 0.05, 1e-05, 0.3, 17.443576915705798, 2.3374044347083816
59, 300, 0.05, 1e-05, 0.1, 9.118033697443252, 2.3069153009909433
60, 300, 0.05, 1e-05, 0.08, 11.842613822271922, 2.525220111443136
61, 300, 0.05, 1e-05, 0.05, 17.1029782246744, 2.7300413947400344
62, 300, 0.05, 1e-05, 0.03, 18.52066823407334, 2.7959189731193823
63, 300, 0.05, 1e-05, 0.01, 18.34211138845188, 3.138737091621672
64, 300, 0.03, 8e-05, 0.8, 545233.8172557901, 582.5593233660759
65, 300, 0.03, 8e-05, 0.5, 23.39040759571792, 2.478727884533969
66, 300, 0.03, 8e-05, 0.3, 7.88974853543241, 2.1015709649011667
67, 300, 0.03, 8e-05, 0.1, 6.2680416072737195, 2.1734964317020578
68, 300, 0.03, 8e-05, 0.08, 6.554704989238667, 2.1582214851729145
69, 300, 0.03, 8e-05, 0.05, 6.798969804007919, 2.1626194846105387
70, 300, 0.03, 8e-05, 0.03, 7.018118395534093, 2.181757211127889
71, 300, 0.03, 8e-05, 0.01, 6.792614787760298, 2.21126513232183
72, 300, 0.03, 5e-05, 0.8, 532427.4046560164, 520.0092614399081
73, 300, 0.03, 5e-05, 0.5, 27.86310036511718, 2.8073415525193717
74, 300, 0.03, 5e-05, 0.3, 7.153322753708137, 2.1140452068183917
75, 300, 0.03, 5e-05, 0.1, 6.4685947888236175, 2.1071269343027486
76, 300, 0.03, 5e-05, 0.08, 6.730897518194437, 2.140605751184902
77, 300, 0.03, 5e-05, 0.05, 6.586698891951559, 2.155852177339022
78, 300, 0.03, 5e-05, 0.03, 6.332092437799899, 2.1482431826491757
79, 300, 0.03, 5e-05, 0.01, 6.998614795895958, 2.2044516018486435
80, 300, 0.03, 3e-05, 0.8, 526188.1561504094, 522.3625709545443
81, 300, 0.03, 3e-05, 0.5, 28.411056193224983, 2.68481033827907
82, 300, 0.03, 3e-05, 0.3, 8.104509979957466, 2.1268000935779625
83, 300, 0.03, 3e-05, 0.1, 6.4404095507490835, 2.1521787748847956
84, 300, 0.03, 3e-05, 0.08, 6.385745039005771, 2.1561810184724246
85, 300, 0.03, 3e-05, 0.05, 6.695362701361114, 2.2224131790242114
86, 300, 0.03, 3e-05, 0.03, 6.2606224967750785, 2.1770193839404555
87, 300, 0.03, 3e-05, 0.01, 6.68838642700469, 2.1328011901970356
88, 300, 0.03, 1e-05, 0.8, 505246.2355104831, 550.348476245527
89, 300, 0.03, 1e-05, 0.5, 27.913872159873364, 2.545106864328885
90, 300, 0.03, 1e-05, 0.3, 8.281820862746894, 2.1322226563806495
91, 300, 0.03, 1e-05, 0.1, 6.682962220558205, 2.117265504456321
92, 300, 0.03, 1e-05, 0.08, 6.511801454654716, 2.1521840097153273
93, 300, 0.03, 1e-05, 0.05, 6.541614087288371, 2.1225179204950395
94, 300, 0.03, 1e-05, 0.03, 6.607868207671338, 2.1494416357183512
95, 300, 0.03, 1e-05, 0.01, 6.70490192731013, 2.209377053809477
96, 300, 0.01, 8e-05, 0.8, 65.35149368872331, 5.143449487145122
97, 300, 0.01, 8e-05, 0.5, 7.641871319723984, 2.225175219129315
98, 300, 0.01, 8e-05, 0.3, 7.201339382509483, 2.1979498152746726
99, 300, 0.01, 8e-05, 0.1, 6.914710187247692, 2.2645804497330353
100, 300, 0.01, 8e-05, 0.08, 6.953118633996065, 2.2769633720173967
101, 300, 0.01, 8e-05, 0.05, 6.745052866755335, 2.318694120183802
102, 300, 0.01, 8e-05, 0.03, 7.13390509746157, 2.2883344488875954
103, 300, 0.01, 8e-05, 0.01, 7.230699220202932, 2.3324744076828585
104, 300, 0.01, 5e-05, 0.8, 27593.708007503545, 11.105634493872344
105, 300, 0.01, 5e-05, 0.5, 8.18994192044107, 2.2395954707240593
106, 300, 0.01, 5e-05, 0.3, 7.331987352835121, 2.232970998935217
107, 300, 0.01, 5e-05, 0.1, 6.9844827146179, 2.2517651372307923
108, 300, 0.01, 5e-05, 0.08, 6.957955285329687, 2.2502633766781353
109, 300, 0.01, 5e-05, 0.05, 7.022507939785461, 2.3141598249113007
110, 300, 0.01, 5e-05, 0.03, 6.914319589935833, 2.239063634432054
111, 300, 0.01, 5e-05, 0.01, 6.944074111555901, 2.2930501321060266
112, 300, 0.01, 3e-05, 0.8, 987.6643747611008, 6.327485681219122
113, 300, 0.01, 3e-05, 0.5, 8.068908125986313, 2.2408412973118894
114, 300, 0.01, 3e-05, 0.3, 6.9441599375271865, 2.1992275356234567
115, 300, 0.01, 3e-05, 0.1, 7.048989066144043, 2.278431321673192
116, 300, 0.01, 3e-05, 0.08, 7.059351985535445, 2.306142794976494
117, 300, 0.01, 3e-05, 0.05, 7.159514365780138, 2.3012391092961666
118, 300, 0.01, 3e-05, 0.03, 6.9720988961996095, 2.266788281588087
119, 300, 0.01, 3e-05, 0.01, 6.99294859777042, 2.2705793477828764
120, 300, 0.01, 1e-05, 0.8, 78.0878618605551, 5.46140115132871
121, 300, 0.01, 1e-05, 0.5, 7.878316345031116, 2.2069335944844637
122, 300, 0.01, 1e-05, 0.3, 7.142284957338328, 2.1964603256403263
123, 300, 0.01, 1e-05, 0.1, 7.024635175353893, 2.255115220581632
124, 300, 0.01, 1e-05, 0.08, 6.929257075911158, 2.248590746725636
125, 300, 0.01, 1e-05, 0.05, 7.255703375780165, 2.236716774843611
126, 300, 0.01, 1e-05, 0.03, 7.079212130710689, 2.3281846039252185
127, 300, 0.01, 1e-05, 0.01, 6.892114841595458, 2.256140120777604
128, 300, 0.008, 8e-05, 0.8, 36.953729673099645, 3.6439183844543783
129, 300, 0.008, 8e-05, 0.5, 8.055961147949093, 2.2669340319962332
130, 300, 0.008, 8e-05, 0.3, 7.517468879122004, 2.2582360058419884
131, 300, 0.008, 8e-05, 0.1, 7.29375708080417, 2.3152718593511676
132, 300, 0.008, 8e-05, 0.08, 7.2232491829788446, 2.2999146218407907
133, 300, 0.008, 8e-05, 0.05, 7.318406047404492, 2.34793982428306
134, 300, 0.008, 8e-05, 0.03, 7.290965224680848, 2.3294801135699155
135, 300, 0.008, 8e-05, 0.01, 7.42914208778989, 2.340142590162938
136, 300, 0.008, 5e-05, 0.8, 44.80884854777329, 3.6956317822979345
137, 300, 0.008, 5e-05, 0.5, 8.028904189092946, 2.2281795312003974
138, 300, 0.008, 5e-05, 0.3, 7.5339503278542015, 2.2602723982545103
139, 300, 0.008, 5e-05, 0.1, 7.454958648596978, 2.312598141209165
140, 300, 0.008, 5e-05, 0.08, 7.102983103189567, 2.291665068705128
141, 300, 0.008, 5e-05, 0.05, 7.437682128575192, 2.3554420941644114
142, 300, 0.008, 5e-05, 0.03, 7.487536702002524, 2.35507349387568
143, 300, 0.008, 5e-05, 0.01, 7.070441731289769, 2.3172375622371812
144, 300, 0.008, 3e-05, 0.8, 41.75215172189066, 4.104657463596266
145, 300, 0.008, 3e-05, 0.5, 7.719636960950359, 2.2372533979744498
146, 300, 0.008, 3e-05, 0.3, 7.586795635521857, 2.231321003093113
147, 300, 0.008, 3e-05, 0.1, 7.217694307377178, 2.3147145148873145
148, 300, 0.008, 3e-05, 0.08, 7.165888068619222, 2.322914625981638
149, 300, 0.008, 3e-05, 0.05, 7.133534383976306, 2.2820942060067333
150, 300, 0.008, 3e-05, 0.03, 7.367761423338557, 2.276341822685679
151, 300, 0.008, 3e-05, 0.01, 7.326840863247888, 2.338445112653586
152, 300, 0.008, 1e-05, 0.8, 39.98478599295262, 3.7013036770173664
153, 300, 0.008, 1e-05, 0.5, 8.384256473158349, 2.249467450407196
154, 300, 0.008, 1e-05, 0.3, 7.612044563377926, 2.2775623086975774
155, 300, 0.008, 1e-05, 0.1, 7.391780850272274, 2.336977215354209
156, 300, 0.008, 1e-05, 0.08, 7.2926807070332815, 2.2667740706701838
157, 300, 0.008, 1e-05, 0.05, 7.1781928442245135, 2.2596694251063574
158, 300, 0.008, 1e-05, 0.03, 7.538844463432859, 2.3329612600684166
159, 300, 0.008, 1e-05, 0.01, 7.370108029249847, 2.3619494308437905
160, 300, 0.005, 8e-05, 0.8, 11.670439180434583, 2.4159752358809006
161, 300, 0.005, 8e-05, 0.5, 8.376808727062071, 2.3365188792018614
162, 300, 0.005, 8e-05, 0.3, 7.9831615061864865, 2.369204047384202
163, 300, 0.005, 8e-05, 0.1, 8.413695013985274, 2.417891757831922
164, 300, 0.005, 8e-05, 0.08, 8.037303239591955, 2.472920281309945
165, 300, 0.005, 8e-05, 0.05, 8.128293020572968, 2.5083123877162157
166, 300, 0.005, 8e-05, 0.03, 8.317208640620134, 2.4514930628770295
167, 300, 0.005, 8e-05, 0.01, 7.682483832892737, 2.383507376219282
168, 300, 0.005, 5e-05, 0.8, 11.511359202527817, 2.4077881228861666
169, 300, 0.005, 5e-05, 0.5, 8.447127103581675, 2.374037813456111
170, 300, 0.005, 5e-05, 0.3, 8.021778589762349, 2.3657584064270307
171, 300, 0.005, 5e-05, 0.1, 7.932957752255298, 2.372841729696152
172, 300, 0.005, 5e-05, 0.08, 8.45751675323047, 2.4581639290338213
173, 300, 0.005, 5e-05, 0.05, 8.093245913160994, 2.4597862919059414
174, 300, 0.005, 5e-05, 0.03, 8.272969294966813, 2.4443267102727084
175, 300, 0.005, 5e-05, 0.01, 8.469897037042209, 2.4751247921602024
176, 300, 0.005, 3e-05, 0.8, 12.082256350052528, 2.419426218102893
177, 300, 0.005, 3e-05, 0.5, 8.002210170352443, 2.332057691854124
178, 300, 0.005, 3e-05, 0.3, 7.9628684074365825, 2.322719341786497
179, 300, 0.005, 3e-05, 0.1, 7.804148191712876, 2.371536380974001
180, 300, 0.005, 3e-05, 0.08, 8.298846750989203, 2.4075798618318696
181, 300, 0.005, 3e-05, 0.05, 7.740148403501159, 2.4159401552140483
182, 300, 0.005, 3e-05, 0.03, 8.220707186506328, 2.4524258864101176
183, 300, 0.005, 3e-05, 0.01, 8.241759015001824, 2.4912792780637165
184, 300, 0.005, 1e-05, 0.8, 12.97404982280799, 2.381226124911163
185, 300, 0.005, 1e-05, 0.5, 8.45998034262617, 2.3705097030711286
186, 300, 0.005, 1e-05, 0.3, 8.08044174844171, 2.3657592212704905
187, 300, 0.005, 1e-05, 0.1, 7.816008338313473, 2.3522103261482417
188, 300, 0.005, 1e-05, 0.08, 7.68475696104214, 2.3392898239643825
189, 300, 0.005, 1e-05, 0.05, 7.873874439340045, 2.4328648021923187
190, 300, 0.005, 1e-05, 0.03, 7.870622293008919, 2.43384933992148
191, 300, 0.005, 1e-05, 0.01, 7.886352374953556, 2.4032845025323453
192, 300, 0.003, 8e-05, 0.8, 10.714402071160254, 2.5734279950298147
193, 300, 0.003, 8e-05, 0.5, 9.117142283771305, 2.5002187651444747
194, 300, 0.003, 8e-05, 0.3, 9.257081741601532, 2.4934922521779463
195, 300, 0.003, 8e-05, 0.1, 9.200791672403135, 2.601569136948235
196, 300, 0.003, 8e-05, 0.08, 9.274964505423316, 2.577804355789264
197, 300, 0.003, 8e-05, 0.05, 9.091175192550093, 2.55214048839417
198, 300, 0.003, 8e-05, 0.03, 9.400414249913991, 2.7178939398044544
199, 300, 0.003, 8e-05, 0.01, 9.345596895298257, 2.70184441539192
200, 300, 0.003, 5e-05, 0.8, 10.91859845124469, 2.5693707383212074
201, 300, 0.003, 5e-05, 0.5, 9.270794257879198, 2.5427369424932436
202, 300, 0.003, 5e-05, 0.3, 9.04448669308438, 2.4991028960499735
203, 300, 0.003, 5e-05, 0.1, 9.180504891940108, 2.548607647417274
204, 300, 0.003, 5e-05, 0.08, 9.101037092340174, 2.565064459184614
205, 300, 0.003, 5e-05, 0.05, 9.473677077351445, 2.5991814442744117
206, 300, 0.003, 5e-05, 0.03, 9.199476391487124, 2.630770346129778
207, 300, 0.003, 5e-05, 0.01, 9.190861059355036, 2.5731198702111127
208, 300, 0.003, 3e-05, 0.8, 10.857352981845029, 2.5579929966143604
209, 300, 0.003, 3e-05, 0.5, 9.325954883535275, 2.5225375116943467
210, 300, 0.003, 3e-05, 0.3, 9.332246381781626, 2.5197568367416188
211, 300, 0.003, 3e-05, 0.1, 9.054863503006906, 2.5600152254491912
212, 300, 0.003, 3e-05, 0.08, 9.274003236169037, 2.5600842721396786
213, 300, 0.003, 3e-05, 0.05, 9.236118309855698, 2.575566155842499
214, 300, 0.003, 3e-05, 0.03, 9.150422909077635, 2.6178906981351595
215, 300, 0.003, 3e-05, 0.01, 9.281800251659945, 2.6309842048880574
216, 300, 0.003, 1e-05, 0.8, 10.961020792166668, 2.5827291587957277
217, 300, 0.003, 1e-05, 0.5, 9.221005031292211, 2.5213670768197813
218, 300, 0.003, 1e-05, 0.3, 9.040568353923568, 2.5237361617128586
219, 300, 0.003, 1e-05, 0.1, 9.17407590467448, 2.559562019965384
220, 300, 0.003, 1e-05, 0.08, 8.91802888581157, 2.569371642610008
221, 300, 0.003, 1e-05, 0.05, 8.937700354053375, 2.571061017090981
222, 300, 0.003, 1e-05, 0.03, 8.967834392393872, 2.5048580440888637
223, 300, 0.003, 1e-05, 0.01, 9.4261633614196, 2.6071512064292572
224, 300, 0.001, 8e-05, 0.8, 19.603693941046966, 3.635464063649509
225, 300, 0.001, 8e-05, 0.5, 15.89383604750788, 3.316549841124135
226, 300, 0.001, 8e-05, 0.3, 13.917286198305794, 3.081327052303085
227, 300, 0.001, 8e-05, 0.1, 14.831372036777918, 3.201670603429303
228, 300, 0.001, 8e-05, 0.08, 13.362588423783425, 3.013212474317803
229, 300, 0.001, 8e-05, 0.05, 14.459235065305403, 3.141560574167332
230, 300, 0.001, 8e-05, 0.03, 13.93846868168934, 3.1086369848738515
231, 300, 0.001, 8e-05, 0.01, 14.14239046804723, 3.1861413963005747
232, 300, 0.001, 5e-05, 0.8, 17.82266914944169, 3.507393339648979
233, 300, 0.001, 5e-05, 0.5, 15.420188445728849, 3.362126431433507
234, 300, 0.001, 5e-05, 0.3, 15.00275517760134, 3.1998637864135566
235, 300, 0.001, 5e-05, 0.1, 14.355551281012135, 3.1768436159885347
236, 300, 0.001, 5e-05, 0.08, 14.7220981881005, 3.188434952034676
237, 300, 0.001, 5e-05, 0.05, 13.71564050745335, 3.089040178715547
238, 300, 0.001, 5e-05, 0.03, 14.773997228424554, 3.3238506555666527
239, 300, 0.001, 5e-05, 0.01, 15.34179489303419, 3.221926134752441
240, 300, 0.001, 3e-05, 0.8, 19.007490459179614, 3.6599353416035774
241, 300, 0.001, 3e-05, 0.5, 15.904114419061376, 3.336055675508573
242, 300, 0.001, 3e-05, 0.3, 14.248905414349583, 3.1380744873231343
243, 300, 0.001, 3e-05, 0.1, 12.978040447030418, 3.0449431328758925
244, 300, 0.001, 3e-05, 0.08, 14.112480607468717, 3.1022271633191885
245, 300, 0.001, 3e-05, 0.05, 12.994907874449643, 3.0288596113802084
246, 300, 0.001, 3e-05, 0.03, 14.051564468587731, 3.133070040761267
247, 300, 0.001, 3e-05, 0.01, 13.511340389133045, 3.1031307821806364
248, 300, 0.001, 1e-05, 0.8, 19.61558949967091, 3.7073394794301775
249, 300, 0.001, 1e-05, 0.5, 15.050108136719567, 3.1907904977159296
250, 300, 0.001, 1e-05, 0.3, 14.785186051190319, 3.185112019987229
251, 300, 0.001, 1e-05, 0.1, 13.9136115547505, 3.122618807171878
252, 300, 0.001, 1e-05, 0.08, 13.527954707495454, 3.1149190031083025
253, 300, 0.001, 1e-05, 0.05, 14.394990590994436, 3.1949313720674923
254, 300, 0.001, 1e-05, 0.03, 14.136234813119128, 3.1903466501612416
255, 300, 0.001, 1e-05, 0.01, 13.755103558428207, 3.0335770042895556
256, 600, 0.08, 8e-05, 0.8, 461749.48086974164, 598.8152726897348
257, 600, 0.08, 8e-05, 0.5, 432526.6325547641, 135.6457881305261
258, 600, 0.08, 8e-05, 0.3, 45.765692090961785, 4.757308357173984
259, 600, 0.08, 8e-05, 0.1, 27.944925478119625, 4.184608438126501
260, 600, 0.08, 8e-05, 0.08, 27.399245986284576, 4.322217297381317
261, 600, 0.08, 8e-05, 0.05, 26.836141940786007, 4.179189991325252
262, 600, 0.08, 8e-05, 0.03, 38.620055603739004, 4.990163742969922
263, 600, 0.08, 8e-05, 0.01, 31.110869825619194, 4.4595081531038625
264, 600, 0.08, 5e-05, 0.8, 451914.4898609653, 574.0337054103401
265, 600, 0.08, 5e-05, 0.5, 401230.9017770384, 155.75660247037786
266, 600, 0.08, 5e-05, 0.3, 85.54628474600943, 5.301962247838111
267, 600, 0.08, 5e-05, 0.1, 26.439620937948728, 4.059189160299211
268, 600, 0.08, 5e-05, 0.08, 26.561501690048534, 4.141835753960596
269, 600, 0.08, 5e-05, 0.05, 25.601822761309318, 3.9618479341224457
270, 600, 0.08, 5e-05, 0.03, 27.585666075660516, 4.347651265671422
271, 600, 0.08, 5e-05, 0.01, 27.66915213187546, 4.327304154275399
272, 600, 0.08, 3e-05, 0.8, 450775.83559284126, 628.7495171808608
273, 600, 0.08, 3e-05, 0.5, 429430.9690044449, 136.4232299290117
274, 600, 0.08, 3e-05, 0.3, 21053.015053841817, 5.517682742558426
275, 600, 0.08, 3e-05, 0.1, 21.91221802295113, 3.6554714646841866
276, 600, 0.08, 3e-05, 0.08, 25.37906534252294, 3.7421583904959137
277, 600, 0.08, 3e-05, 0.05, 28.36828644160343, 4.195985963687372
278, 600, 0.08, 3e-05, 0.03, 34.637483430937756, 4.872019905609971
279, 600, 0.08, 3e-05, 0.01, 26.214286980030742, 4.2438901635429245
280, 600, 0.08, 1e-05, 0.8, 477821.23728075204, 621.3855283450682
281, 600, 0.08, 1e-05, 0.5, 406218.976725298, 140.11433938833042
282, 600, 0.08, 1e-05, 0.3, 64616.61272213494, 8.01800936870034
283, 600, 0.08, 1e-05, 0.1, 26.31667185569699, 3.972041984418855
284, 600, 0.08, 1e-05, 0.08, 32.05900208796622, 4.500798619431922
285, 600, 0.08, 1e-05, 0.05, 27.10485232575266, 4.327359631334075
286, 600, 0.08, 1e-05, 0.03, 26.81894210867252, 4.21972137315843
287, 600, 0.08, 1e-05, 0.01, 31.641656500648157, 4.634793406577996
288, 600, 0.05, 8e-05, 0.8, 475827.44408834755, 571.7757598063783
289, 600, 0.05, 8e-05, 0.5, 20795.651520673717, 9.030088831192163
290, 600, 0.05, 8e-05, 0.3, 11.990214968851731, 2.1956294886454724
291, 600, 0.05, 8e-05, 0.1, 12.429675863375502, 2.3077027419895737
292, 600, 0.05, 8e-05, 0.08, 10.54430934749817, 2.2809028910219644
293, 600, 0.05, 8e-05, 0.05, 11.910788198246504, 2.346243042977234
294, 600, 0.05, 8e-05, 0.03, 13.271499711680452, 2.601859455043432
295, 600, 0.05, 8e-05, 0.01, 13.390248152545505, 2.672231905873104
296, 600, 0.05, 5e-05, 0.8, 451473.84377061727, 685.3681862890703
297, 600, 0.05, 5e-05, 0.5, 1301.3208388979888, 6.243841661524549
298, 600, 0.05, 5e-05, 0.3, 13.509090725820338, 2.318036890834116
299, 600, 0.05, 5e-05, 0.1, 10.534857317479547, 2.3547497402073936
300, 600, 0.05, 5e-05, 0.08, 11.875144878038986, 2.424645406765574
301, 600, 0.05, 5e-05, 0.05, 14.920602416607693, 2.6982698211100598
302, 600, 0.05, 5e-05, 0.03, 10.177519984645185, 2.4045746459036335
303, 600, 0.05, 5e-05, 0.01, 13.568378723504463, 2.5824446950125948
304, 600, 0.05, 3e-05, 0.8, 448595.67032538995, 629.901422634721
305, 600, 0.05, 3e-05, 0.5, 100696.4835248104, 22.82173235860872
306, 600, 0.05, 3e-05, 0.3, 14.37022095130431, 2.3091332460325944
307, 600, 0.05, 3e-05, 0.1, 10.653468953423602, 2.2532356992268356
308, 600, 0.05, 3e-05, 0.08, 14.896106612002082, 2.4908426072790513
309, 600, 0.05, 3e-05, 0.05, 15.04485535365799, 2.631064231353614
310, 600, 0.05, 3e-05, 0.03, 15.034839664180975, 2.603007237416427
311, 600, 0.05, 3e-05, 0.01, 10.798444624514653, 2.504092939933693
312, 600, 0.05, 1e-05, 0.8, 476624.8539349482, 692.8778266456932
313, 600, 0.05, 1e-05, 0.5, 46835.73705362971, 14.259701666148763
314, 600, 0.05, 1e-05, 0.3, 15.941304073799131, 2.303762003318652
315, 600, 0.05, 1e-05, 0.1, 9.903441890037328, 2.3690621761613206
316, 600, 0.05, 1e-05, 0.08, 11.920229911121572, 2.4271429916277527
317, 600, 0.05, 1e-05, 0.05, 9.65562523183318, 2.2814462812051595
318, 600, 0.05, 1e-05, 0.03, 10.364837002306514, 2.3809683398007335
319, 600, 0.05, 1e-05, 0.01, 13.069790912197186, 2.614438943434398
320, 600, 0.03, 8e-05, 0.8, 463333.0007531117, 483.1434640227184
321, 600, 0.03, 8e-05, 0.5, 22.10439840048665, 2.416069149781494
322, 600, 0.03, 8e-05, 0.3, 6.135689880286372, 2.018256457504657
323, 600, 0.03, 8e-05, 0.1, 5.940464419603756, 2.1487119714161045
324, 600, 0.03, 8e-05, 0.08, 5.755710437916269, 2.1052621507921083
325, 600, 0.03, 8e-05, 0.05, 5.754947356673677, 2.115669465031656
326, 600, 0.03, 8e-05, 0.03, 5.95661221873299, 2.14558452614599
327, 600, 0.03, 8e-05, 0.01, 6.0694561580879824, 2.139328025412157
328, 600, 0.03, 5e-05, 0.8, 432738.4919507733, 495.4704981262339
329, 600, 0.03, 5e-05, 0.5, 19.526518085638216, 2.3778848706188476
330, 600, 0.03, 5e-05, 0.3, 7.375622864153172, 2.0652982516165213
331, 600, 0.03, 5e-05, 0.1, 5.844525650426881, 2.0784218227653497
332, 600, 0.03, 5e-05, 0.08, 5.799397188663571, 2.070783484030691
333, 600, 0.03, 5e-05, 0.05, 5.644870769748638, 2.1316526309962436
334, 600, 0.03, 5e-05, 0.03, 5.77278853412924, 2.1008115162324326
335, 600, 0.03, 5e-05, 0.01, 5.66448765124395, 2.1700255687667225
336, 600, 0.03, 3e-05, 0.8, 472573.8468228981, 437.04188860799815
337, 600, 0.03, 3e-05, 0.5, 19.615099825372983, 2.4318499152753223
338, 600, 0.03, 3e-05, 0.3, 6.394037015846331, 2.064109829721657
339, 600, 0.03, 3e-05, 0.1, 5.816384423337298, 2.0455055996188003
340, 600, 0.03, 3e-05, 0.08, 5.673315690689661, 2.1266210415839524
341, 600, 0.03, 3e-05, 0.05, 5.984912632889856, 2.073844950063503
342, 600, 0.03, 3e-05, 0.03, 5.745169473038503, 2.121460120882316
343, 600, 0.03, 3e-05, 0.01, 6.304832318947358, 2.1152430668131545
344, 600, 0.03, 1e-05, 0.8, 483521.9597363907, 415.36342718587946
345, 600, 0.03, 1e-05, 0.5, 24.742670532704846, 2.411197637289463
346, 600, 0.03, 1e-05, 0.3, 6.721281668957241, 2.0365023073545903
347, 600, 0.03, 1e-05, 0.1, 5.8957576377361205, 2.063373888575695
348, 600, 0.03, 1e-05, 0.08, 5.806745806700555, 2.085599729298247
349, 600, 0.03, 1e-05, 0.05, 5.9740641959868785, 2.120144573159575
350, 600, 0.03, 1e-05, 0.03, 6.153320376248781, 2.1668200895594394
351, 600, 0.03, 1e-05, 0.01, 6.410809925808763, 2.1253657243543866
352, 600, 0.01, 8e-05, 0.8, 62.42700350611899, 4.02889705901485
353, 600, 0.01, 8e-05, 0.5, 6.865667719353735, 2.109513178245261
354, 600, 0.01, 8e-05, 0.3, 6.387154921324923, 2.1352560028747836
355, 600, 0.01, 8e-05, 0.1, 6.312971647120765, 2.230854005657127
356, 600, 0.01, 8e-05, 0.08, 6.328030325187869, 2.2321464861328577
357, 600, 0.01, 8e-05, 0.05, 6.4430323552933, 2.249580421706401
358, 600, 0.01, 8e-05, 0.03, 6.219122126110862, 2.179631458959599
359, 600, 0.01, 8e-05, 0.01, 6.475600911694192, 2.267878148324461
360, 600, 0.01, 5e-05, 0.8, 64.44386881162725, 4.195780415553067
361, 600, 0.01, 5e-05, 0.5, 7.004598532744929, 2.1372897466786296
362, 600, 0.01, 5e-05, 0.3, 6.681051660139099, 2.1080932440461995
363, 600, 0.01, 5e-05, 0.1, 6.238820636690072, 2.233837558850855
364, 600, 0.01, 5e-05, 0.08, 6.387582715331193, 2.1966554106687495
365, 600, 0.01, 5e-05, 0.05, 6.3831441920454575, 2.2106138605127503
366, 600, 0.01, 5e-05, 0.03, 6.150479627108719, 2.1873181474128214
367, 600, 0.01, 5e-05, 0.01, 6.36779951117554, 2.2021857841325687
368, 600, 0.01, 3e-05, 0.8, 82.78088040029688, 4.194171450261889
369, 600, 0.01, 3e-05, 0.5, 6.823378597901424, 2.132300270709071
370, 600, 0.01, 3e-05, 0.3, 6.560830224469569, 2.1082667869320644
371, 600, 0.01, 3e-05, 0.1, 6.235590279570995, 2.165093749003081
372, 600, 0.01, 3e-05, 0.08, 6.360110561958826, 2.1548873478133133
373, 600, 0.01, 3e-05, 0.05, 6.33535374637313, 2.241058260989973
374, 600, 0.01, 3e-05, 0.03, 6.318356128252894, 2.2009598115863103
375, 600, 0.01, 3e-05, 0.01, 6.166004017173657, 2.2085361777921033
376, 600, 0.01, 1e-05, 0.8, 64.75694184582075, 4.329522987723097
377, 600, 0.01, 1e-05, 0.5, 7.115297552242344, 2.117724485105506
378, 600, 0.01, 1e-05, 0.3, 6.494200929403074, 2.130675593408636
379, 600, 0.01, 1e-05, 0.1, 6.440897344812318, 2.162974951215524
380, 600, 0.01, 1e-05, 0.08, 6.028284161637429, 2.123095179584772
381, 600, 0.01, 1e-05, 0.05, 6.103501696719109, 2.195592523770334
382, 600, 0.01, 1e-05, 0.03, 6.170402103659784, 2.222967042121444
383, 600, 0.01, 1e-05, 0.01, 6.074338029467594, 2.177034056948217
384, 600, 0.008, 8e-05, 0.8, 31.941469613098285, 3.229702000374304
385, 600, 0.008, 8e-05, 0.5, 6.966832741063899, 2.11230798323935
386, 600, 0.008, 8e-05, 0.3, 6.805283040872851, 2.133036434143718
387, 600, 0.008, 8e-05, 0.1, 6.5511251743219505, 2.166960034989539
388, 600, 0.008, 8e-05, 0.08, 6.392579398206522, 2.1901216855766856
389, 600, 0.008, 8e-05, 0.05, 6.357752125649355, 2.1948759635985136
390, 600, 0.008, 8e-05, 0.03, 6.584270529275767, 2.2397324030631984
391, 600, 0.008, 8e-05, 0.01, 6.497594802605358, 2.2594125049255376
392, 600, 0.008, 5e-05, 0.8, 32.06829378217197, 3.288852339534955
393, 600, 0.008, 5e-05, 0.5, 7.006170965432844, 2.1372072461822147
394, 600, 0.008, 5e-05, 0.3, 6.698889911879286, 2.112451884887585
395, 600, 0.008, 5e-05, 0.1, 6.539156223200541, 2.2091746778603953
396, 600, 0.008, 5e-05, 0.08, 6.314361849211204, 2.207552960050122
397, 600, 0.008, 5e-05, 0.05, 6.64354320600867, 2.246603661700138
398, 600, 0.008, 5e-05, 0.03, 6.5451946888175, 2.228097010230438
399, 600, 0.008, 5e-05, 0.01, 6.470187790744904, 2.254534283373684
400, 600, 0.008, 3e-05, 0.8, 36.7496010953757, 3.1365171067757167
401, 600, 0.008, 3e-05, 0.5, 6.848924768480572, 2.1314734376478643
402, 600, 0.008, 3e-05, 0.3, 6.61955736601647, 2.1479570898646125
403, 600, 0.008, 3e-05, 0.1, 6.461725107411202, 2.163285601712867
404, 600, 0.008, 3e-05, 0.08, 6.4434279298634465, 2.2079575958793027
405, 600, 0.008, 3e-05, 0.05, 6.349413604217521, 2.2013452896302126
406, 600, 0.008, 3e-05, 0.03, 6.622551888592135, 2.2156238072073102
407, 600, 0.008, 3e-05, 0.01, 6.453458321491889, 2.2277360769567975
408, 600, 0.008, 1e-05, 0.8, 38.24480022761374, 3.23591967558083
409, 600, 0.008, 1e-05, 0.5, 6.990444480299642, 2.170917689008864
410, 600, 0.008, 1e-05, 0.3, 6.460756848111815, 2.122306208310545
411, 600, 0.008, 1e-05, 0.1, 6.431439035484557, 2.133023150014785
412, 600, 0.008, 1e-05, 0.08, 6.5343806568767135, 2.1946428882855042
413, 600, 0.008, 1e-05, 0.05, 6.527750585842233, 2.2345096107034417
414, 600, 0.008, 1e-05, 0.03, 6.428252342370608, 2.2057424052091195
415, 600, 0.008, 1e-05, 0.01, 6.489471546076736, 2.2458294191643264
416, 600, 0.005, 8e-05, 0.8, 10.119723690664594, 2.292999213763013
417, 600, 0.005, 8e-05, 0.5, 7.199264814476011, 2.18729938990299
418, 600, 0.005, 8e-05, 0.3, 7.166409403125281, 2.2237354181217777
419, 600, 0.005, 8e-05, 0.1, 7.084601589537826, 2.2402208525491174
420, 600, 0.005, 8e-05, 0.08, 6.947916303727498, 2.309915136098924
421, 600, 0.005, 8e-05, 0.05, 7.006561221335353, 2.2795748729270344
422, 600, 0.005, 8e-05, 0.03, 7.061399690210943, 2.3601587402568334
423, 600, 0.005, 8e-05, 0.01, 7.223352321446862, 2.3709462338066376
424, 600, 0.005, 5e-05, 0.8, 10.827495922178848, 2.2864894464472365
425, 600, 0.005, 5e-05, 0.5, 7.350580622310427, 2.2411978958047403
426, 600, 0.005, 5e-05, 0.3, 7.152948079110152, 2.2301424238436693
427, 600, 0.005, 5e-05, 0.1, 7.027228980769715, 2.2481818863014205
428, 600, 0.005, 5e-05, 0.08, 7.0814555531171965, 2.289512084017163
429, 600, 0.005, 5e-05, 0.05, 7.049477754324658, 2.3083310345317964
430, 600, 0.005, 5e-05, 0.03, 7.277043542004321, 2.276634465497435
431, 600, 0.005, 5e-05, 0.01, 7.019723692651047, 2.3314467195916073
432, 600, 0.005, 3e-05, 0.8, 10.25483525857063, 2.258724862749644
433, 600, 0.005, 3e-05, 0.5, 7.362828165544653, 2.2299199524341953
434, 600, 0.005, 3e-05, 0.3, 7.044566010015032, 2.224901688488309
435, 600, 0.005, 3e-05, 0.1, 6.9587612004386115, 2.293018220755885
436, 600, 0.005, 3e-05, 0.08, 7.217348149750994, 2.316571825568593
437, 600, 0.005, 3e-05, 0.05, 6.990484162559184, 2.2851566509901904
438, 600, 0.005, 3e-05, 0.03, 7.119774090806992, 2.313693723482463
439, 600, 0.005, 3e-05, 0.01, 6.820345564108253, 2.2576328223657627
440, 600, 0.005, 1e-05, 0.8, 11.185538487513192, 2.305463302869255
441, 600, 0.005, 1e-05, 0.5, 7.3791823024904115, 2.236162513310083
442, 600, 0.005, 1e-05, 0.3, 7.082257549564619, 2.2175877932243333
443, 600, 0.005, 1e-05, 0.1, 7.188695077801367, 2.249306646452165
444, 600, 0.005, 1e-05, 0.08, 6.886483817367096, 2.2604514378815077
445, 600, 0.005, 1e-05, 0.05, 6.876395497482913, 2.2610759966587244
446, 600, 0.005, 1e-05, 0.03, 6.843818653918918, 2.220610502834431
447, 600, 0.005, 1e-05, 0.01, 6.900040897610017, 2.249262048766074
448, 600, 0.003, 8e-05, 0.8, 8.748205513088102, 2.341173776677558
449, 600, 0.003, 8e-05, 0.5, 7.876184086669764, 2.320556591620533
450, 600, 0.003, 8e-05, 0.3, 7.620229345715451, 2.2938392520775523
451, 600, 0.003, 8e-05, 0.1, 7.936568196083724, 2.338186338131334
452, 600, 0.003, 8e-05, 0.08, 7.751044552772191, 2.4098535231617135
453, 600, 0.003, 8e-05, 0.05, 7.943801311688594, 2.3904580563242757
454, 600, 0.003, 8e-05, 0.03, 7.909722985089995, 2.3980843098576217
455, 600, 0.003, 8e-05, 0.01, 7.866554683950982, 2.512884489243473
456, 600, 0.003, 5e-05, 0.8, 9.057957181233334, 2.3486573659937147
457, 600, 0.003, 5e-05, 0.5, 8.274110358831477, 2.385528153620862
458, 600, 0.003, 5e-05, 0.3, 7.69965778473104, 2.27130228582688
459, 600, 0.003, 5e-05, 0.1, 7.953322914548975, 2.403421966014359
460, 600, 0.003, 5e-05, 0.08, 7.777531792265232, 2.349624763089327
461, 600, 0.003, 5e-05, 0.05, 8.038589335181936, 2.414350418637544
462, 600, 0.003, 5e-05, 0.03, 7.81623372671114, 2.4258417687666105
463, 600, 0.003, 5e-05, 0.01, 7.580653370924641, 2.3838744356173303
464, 600, 0.003, 3e-05, 0.8, 9.043707340340998, 2.3009795846873353
465, 600, 0.003, 3e-05, 0.5, 7.751221252429113, 2.316048753734898
466, 600, 0.003, 3e-05, 0.3, 7.8262522582766225, 2.2739958566762137
467, 600, 0.003, 3e-05, 0.1, 7.8223241333578954, 2.39335297812987
468, 600, 0.003, 3e-05, 0.08, 7.752424506791892, 2.385061988499248
469, 600, 0.003, 3e-05, 0.05, 7.66002534795753, 2.3877615150511464
470, 600, 0.003, 3e-05, 0.03, 7.826021353080333, 2.427478556890646
471, 600, 0.003, 3e-05, 0.01, 7.939833734435849, 2.4092338860103513
472, 600, 0.003, 1e-05, 0.8, 9.158604130904669, 2.365028448258999
473, 600, 0.003, 1e-05, 0.5, 7.912690002626742, 2.3411035340162014
474, 600, 0.003, 1e-05, 0.3, 7.785806168532611, 2.319107516864487
475, 600, 0.003, 1e-05, 0.1, 7.451819775344636, 2.3514797077958525
476, 600, 0.003, 1e-05, 0.08, 7.495337797174908, 2.2987226489523294
477, 600, 0.003, 1e-05, 0.05, 7.582067610922046, 2.339802328240066
478, 600, 0.003, 1e-05, 0.03, 7.819412386793935, 2.409558841108988
479, 600, 0.003, 1e-05, 0.01, 7.96572226841751, 2.403696278916672
480, 600, 0.001, 8e-05, 0.8, 11.311893543267333, 2.7589613628114265
481, 600, 0.001, 8e-05, 0.5, 10.049406101734357, 2.648781865686838
482, 600, 0.001, 8e-05, 0.3, 10.205919789740925, 2.6681214022866646
483, 600, 0.001, 8e-05, 0.1, 10.027218926422293, 2.7153803203378146
484, 600, 0.001, 8e-05, 0.08, 10.557567675213662, 2.7288297422005554
485, 600, 0.001, 8e-05, 0.05, 10.144069467578095, 2.7235214853390346
486, 600, 0.001, 8e-05, 0.03, 11.266381156797985, 2.7863622318257852
487, 600, 0.001, 8e-05, 0.01, 10.773593433639551, 2.7672582127691934
488, 600, 0.001, 5e-05, 0.8, 10.76958763869684, 2.7204454702933303
489, 600, 0.001, 5e-05, 0.5, 10.530239700823412, 2.651177193002497
490, 600, 0.001, 5e-05, 0.3, 10.483545562676015, 2.7149953950476595
491, 600, 0.001, 5e-05, 0.1, 10.681408221579773, 2.7883050199389166
492, 600, 0.001, 5e-05, 0.08, 10.019768202638284, 2.6703376591236805
493, 600, 0.001, 5e-05, 0.05, 10.218367831426704, 2.758485309517807
494, 600, 0.001, 5e-05, 0.03, 10.132564342353001, 2.6909398793008767
495, 600, 0.001, 5e-05, 0.01, 10.478346769438435, 2.7927165301482715
496, 600, 0.001, 3e-05, 0.8, 11.440346865660665, 2.8307094582727372
497, 600, 0.001, 3e-05, 0.5, 10.704475205933585, 2.742597151649903
498, 600, 0.001, 3e-05, 0.3, 10.72327593648048, 2.7649315818022915
499, 600, 0.001, 3e-05, 0.1, 9.93085465087692, 2.6862782499630593
500, 600, 0.001, 3e-05, 0.08, 10.016148040054619, 2.6550402977611527
501, 600, 0.001, 3e-05, 0.05, 10.200255916736154, 2.6697228015054426
502, 600, 0.001, 3e-05, 0.03, 10.443117220116482, 2.755702177796581
503, 600, 0.001, 3e-05, 0.01, 10.876811771750697, 2.827018167728255
504, 600, 0.001, 1e-05, 0.8, 11.83144942766477, 2.7988755411120274
505, 600, 0.001, 1e-05, 0.5, 10.309523633005579, 2.709382660160027
506, 600, 0.001, 1e-05, 0.3, 10.090159428344048, 2.698943545823105
507, 600, 0.001, 1e-05, 0.1, 10.104323211383818, 2.714518885566261
508, 600, 0.001, 1e-05, 0.08, 10.17096486750314, 2.7222323670305757
509, 600, 0.001, 1e-05, 0.05, 10.46670992641541, 2.6713445488644956
510, 600, 0.001, 1e-05, 0.03, 9.927222433019221, 2.627744359680308
511, 600, 0.001, 1e-05, 0.01, 10.917860073638376, 2.7921691164154163